{"test_acc":0.546875,"train_acc":0.9959677419354839,"test_specificity":0.9955156950672646,"epoch":9,"val_sensitivity":0.11891891891891893,"_runtime":41.190582038,"val_acc":0.5630026809651475,"val_specificity":1,"test_sensitivity":0.10222222222222223,"train_sensitivity":0.9956521739130435,"_timestamp":1.7316102767515492e+09,"train_specificity":0.9962406015037594,"run_id":"o39x3svq","_step":9,"_wandb":{"runtime":41}}